{
  "systems": [
    "default_rag"
  ],
  "performance_by_category": {
    "default_rag": {
      "query_type": {
        "factoid": {
          "count": 10,
          "average_score": 0.5116529304029305,
          "median_score": 0.6904761904761905,
          "min_score": 0.0,
          "max_score": 1.0,
          "std_dev": 0.42999867093924815,
          "individual_scores": [
            1.0,
            0.0,
            0.8125,
            0.9230769230769231,
            1.0,
            0.0,
            0.7142857142857143,
            0.0,
            0.6666666666666666,
            0.0
          ]
        },
        "definitional": {
          "count": 5,
          "average_score": 0.6834554334554335,
          "median_score": 0.7142857142857143,
          "min_score": 0.6153846153846154,
          "max_score": 0.75,
          "std_dev": 0.0568310161964888,
          "individual_scores": [
            0.7222222222222222,
            0.6153846153846154,
            0.7142857142857143,
            0.6153846153846154,
            0.75
          ]
        },
        "procedural": {
          "count": 4,
          "average_score": 0.7232142857142857,
          "median_score": 0.7083333333333333,
          "min_score": 0.6428571428571429,
          "max_score": 0.8333333333333334,
          "std_dev": 0.07499763790686996,
          "individual_scores": [
            0.8333333333333334,
            0.6666666666666666,
            0.6428571428571429,
            0.75
          ]
        },
        "comparative": {
          "count": 4,
          "average_score": 0.8583333333333334,
          "median_score": 0.8555555555555556,
          "min_score": 0.7222222222222222,
          "max_score": 1.0,
          "std_dev": 0.11259426777506247,
          "individual_scores": [
            0.7222222222222222,
            0.7777777777777778,
            1.0,
            0.9333333333333333
          ]
        },
        "causal": {
          "count": 4,
          "average_score": 0.85,
          "median_score": 0.8666666666666667,
          "min_score": 0.6666666666666666,
          "max_score": 1.0,
          "std_dev": 0.151840559652405,
          "individual_scores": [
            1.0,
            0.7333333333333333,
            1.0,
            0.6666666666666666
          ]
        },
        "open_ended": {
          "count": 2,
          "average_score": 0.9166666666666667,
          "median_score": 0.9166666666666667,
          "min_score": 0.8333333333333334,
          "max_score": 1.0,
          "std_dev": 0.08333333333333331,
          "individual_scores": [
            1.0,
            0.8333333333333334
          ]
        },
        "quantitative": {
          "count": 1,
          "average_score": 0.8,
          "median_score": 0.8,
          "min_score": 0.8,
          "max_score": 0.8,
          "std_dev": 0,
          "individual_scores": [
            0.8
          ]
        }
      },
      "complexity": {
        "L2": {
          "count": 11,
          "average_score": 0.7629245754245754,
          "median_score": 0.8125,
          "min_score": 0.0,
          "max_score": 1.0,
          "std_dev": 0.2717450182136994,
          "individual_scores": [
            1.0,
            0.8125,
            0.0,
            0.6153846153846154,
            0.7142857142857143,
            1.0,
            0.7333333333333333,
            1.0,
            0.8333333333333334,
            0.9333333333333333,
            0.75
          ]
        },
        "L1": {
          "count": 11,
          "average_score": 0.5691530691530692,
          "median_score": 0.6666666666666666,
          "min_score": 0.0,
          "max_score": 1.0,
          "std_dev": 0.3720239636690366,
          "individual_scores": [
            0.0,
            0.9230769230769231,
            1.0,
            0.7222222222222222,
            0.6153846153846154,
            1.0,
            0.0,
            0.6666666666666666,
            0.6666666666666666,
            0.6666666666666666,
            0.0
          ]
        },
        "L3": {
          "count": 8,
          "average_score": 0.7800595238095238,
          "median_score": 0.7638888888888888,
          "min_score": 0.6428571428571429,
          "max_score": 1.0,
          "std_dev": 0.09938193786383,
          "individual_scores": [
            0.8333333333333334,
            0.7222222222222222,
            0.7777777777777778,
            1.0,
            0.7142857142857143,
            0.75,
            0.6428571428571429,
            0.8
          ]
        }
      },
      "special_categories": {
        "temporal": {
          "count": 3,
          "average_score": 0.8263888888888888,
          "median_score": 0.8125,
          "min_score": 0.6666666666666666,
          "max_score": 1.0,
          "std_dev": 0.13643668544714238,
          "individual_scores": [
            1.0,
            0.8125,
            0.6666666666666666
          ]
        },
        "impossible": {
          "count": 2,
          "average_score": 0.36666666666666664,
          "median_score": 0.36666666666666664,
          "min_score": 0.0,
          "max_score": 0.7333333333333333,
          "std_dev": 0.36666666666666664,
          "individual_scores": [
            0.0,
            0.7333333333333333
          ]
        },
        "none": {
          "count": 24,
          "average_score": 0.695034595034595,
          "median_score": 0.7361111111111112,
          "min_score": 0.0,
          "max_score": 1.0,
          "std_dev": 0.28949840550571326,
          "individual_scores": [
            0.9230769230769231,
            1.0,
            0.0,
            0.7222222222222222,
            0.6153846153846154,
            0.7142857142857143,
            0.6153846153846154,
            0.8333333333333334,
            0.7222222222222222,
            0.7777777777777778,
            1.0,
            1.0,
            1.0,
            0.8333333333333334,
            0.9333333333333333,
            0.7142857142857143,
            0.0,
            0.6666666666666666,
            0.75,
            0.6428571428571429,
            0.6666666666666666,
            0.8,
            0.75,
            0.0
          ]
        },
        "ambiguous": {
          "count": 1,
          "average_score": 1.0,
          "median_score": 1.0,
          "min_score": 1.0,
          "max_score": 1.0,
          "std_dev": 0,
          "individual_scores": [
            1.0
          ]
        }
      },
      "paper_id": {
        "2502.00145v1": {
          "count": 30,
          "average_score": 0.6964443426943429,
          "median_score": 0.7416666666666667,
          "min_score": 0.0,
          "max_score": 1.0,
          "std_dev": 0.2998063130389166,
          "individual_scores": [
            1.0,
            0.0,
            0.8125,
            0.9230769230769231,
            1.0,
            0.0,
            0.7222222222222222,
            0.6153846153846154,
            0.7142857142857143,
            0.6153846153846154,
            0.8333333333333334,
            0.7222222222222222,
            0.7777777777777778,
            1.0,
            1.0,
            0.7333333333333333,
            1.0,
            1.0,
            0.8333333333333334,
            0.9333333333333333,
            0.7142857142857143,
            0.0,
            0.6666666666666666,
            0.75,
            0.6428571428571429,
            0.6666666666666666,
            0.6666666666666666,
            0.8,
            0.75,
            0.0
          ]
        }
      }
    }
  },
  "statistical_tests": {
    "default_rag": {
      "query_type": {
        "test": "ANOVA",
        "f_value": 1.2226008845723915,
        "p_value": 0.33084167136673004,
        "significant": false
      },
      "complexity": {
        "test": "ANOVA",
        "f_value": 1.5815962083147663,
        "p_value": 0.22411308023362836,
        "significant": false
      }
    }
  },